meterId,serialNo,make,phaseType,installStatus,dtCode,latitude,longitude,first_kwh,last_kwh,first_kvah,last_kvah,avg_voltage,energy_records,kwh_consumption,kvah_consumption
J100000,SE33962,HPL,single,Decommissioned,DT-001,26.938961002479868,75.83095696146852,48438.74,48580.79,52313.84,52467.25,229.83382789317508,337,142.0500000000029,153.4100000000035
J100001,GE84132,L&T,single,Installed,DT-002,26.822136543835608,75.90718190602279,42594.05,42732.85,46001.58,46151.48,230.29970326409494,337,138.79999999999563,149.90000000000146
J100002,AL28136,L&T,single,Installed,DT-003,26.840224163401967,75.71461868999545,6850.32,7002.59,7398.35,7562.8,230.56379821958458,337,152.27000000000044,164.44999999999982
J100003,L&84997,Genus,single,Installed,DT-004,26.87161594667016,75.76268730618544,6315.48,6441.01,6820.72,6956.29,229.49554896142433,337,125.53000000000065,135.5699999999997
J100004,SE65293,Genus,single,Faulty,DT-005,26.90742516450593,75.72503661059095,20403.4,20474.44,22035.67,22112.39,229.52522255192878,337,71.03999999999724,76.72000000000116
J100005,HP63682,Allied,three,Faulty,DT-006,26.84670538836401,75.86828425070057,3662.84,3773.58,3955.87,4075.46,229.75370919881306,337,110.73999999999978,119.59000000000015
J100006,SE35634,HPL,single,Decommissioned,DT-007,26.812653854983022,75.80722787903873,39069.9,39145.05,42195.5,42276.65,229.98813056379822,337,75.15000000000146,81.15000000000146
J100007,SE11409,Genus,single,Decommissioned,DT-008,26.832983556522617,75.803795527816,30841.97,30957.0,33309.32,33433.56,230.23145400593472,337,115.02999999999884,124.23999999999796
J100008,SE63900,Genus,single,Installed,DT-009,26.899010438325444,75.8400677302598,27623.95,27666.85,29833.87,29880.2,229.86943620178042,337,42.89999999999782,46.330000000001746
J100009,SE79541,Genus,single,Decommissioned,DT-010,26.84328666250697,75.8586705639937,38630.74,38804.45,41721.2,41908.8,229.9673590504451,337,173.70999999999913,187.60000000000582
J100010,GE98722,Secure,single,Faulty,DT-011,26.93762868628148,75.71533679098142,18964.26,19134.47,20481.4,20665.22,229.93175074183975,337,170.21000000000276,183.8199999999997
J100011,SE48422,HPL,three,Decommissioned,DT-012,26.98581521786293,75.8113866226377,14377.5,14509.13,15527.7,15669.86,230.52818991097922,337,131.6299999999992,142.15999999999985
J100012,HP85710,Allied,single,Installed,DT-013,26.927220696029348,75.80744330035309,7513.51,7670.1,8114.59,8283.71,230.2225519287834,337,156.59000000000015,169.11999999999898
J100013,GE28127,Allied,three,Installed,DT-014,27.03114021816766,75.84009092746787,28025.5,28145.26,30267.54,30396.88,229.73293768545994,337,119.7599999999984,129.34000000000015
J100014,GE52551,Genus,three,Faulty,DT-015,27.03568318977961,75.83062514945418,36520.66,36606.07,39442.31,39534.56,229.80118694362017,337,85.40999999999622,92.25
J100015,L&34861,HPL,three,Installed,DT-016,26.808278881157843,75.77806976755168,14311.01,14379.49,15455.89,15529.85,229.70029673590506,337,68.47999999999956,73.96000000000095
J100016,GE61949,Genus,three,Installed,DT-017,26.89433879745668,75.71661557726115,43819.85,43897.11,47325.44,47408.88,230.71216617210683,337,77.26000000000204,83.43999999999505
J100017,GE52969,L&T,three,Installed,DT-018,26.942805953584703,75.74343775681704,20606.65,20777.28,22255.18,22439.46,229.81602373887242,337,170.62999999999738,184.27999999999884
J100018,GE50943,HPL,single,Faulty,DT-019,27.02353027989632,75.74833874320397,2525.15,2575.72,2727.17,2781.78,229.82492581602375,337,50.56999999999971,54.61000000000013
J100019,GE24621,L&T,single,Decommissioned,DT-020,27.010893030935065,75.83053253722396,44756.94,44935.88,48337.49,48530.75,230.20474777448072,337,178.93999999999505,193.26000000000204
J100020,AL20290,Allied,three,Installed,DT-021,26.85013563328432,75.77765593203735,17717.54,17894.54,19134.95,19326.1,229.72106824925817,337,177.0,191.14999999999782
J100021,SE66811,Allied,single,Installed,DT-022,26.85597731979108,75.7531070204896,1659.43,1722.25,1792.18,1860.03,230.4391691394659,337,62.819999999999936,67.84999999999991
J100022,HP89856,L&T,single,Faulty,DT-023,26.85494188978812,75.69114333772818,46665.46,46750.82,50398.7,50490.89,230.56676557863503,337,85.36000000000058,92.19000000000233
J100023,L&31862,Genus,single,Installed,DT-024,26.980352783429066,75.88968155943807,3609.85,3791.19,3898.63,4094.49,230.3145400593472,337,181.34000000000015,195.85999999999967
J100024,AL25079,HPL,single,Installed,DT-025,26.97879197160257,75.89617436382473,36026.38,36149.75,38908.49,39041.73,229.85163204747775,337,123.37000000000262,133.24000000000524
J100025,AL41376,Genus,three,Decommissioned,DT-026,26.835722086455306,75.79121357252374,48228.18,48299.45,52086.43,52163.4,229.44807121661722,337,71.2699999999968,76.97000000000116
J100026,L&27266,Allied,single,Faulty,DT-027,26.788124222569262,75.88858490655916,18401.18,18505.02,19873.28,19985.42,230.32937685459942,337,103.84000000000015,112.13999999999942
J100027,GE28315,Allied,single,Installed,DT-028,26.82000356571991,75.68887611569157,18821.57,18939.53,20327.3,20454.69,229.6854599406528,337,117.95999999999913,127.38999999999942
J100028,AL32322,Secure,single,Installed,DT-029,27.03159632385252,75.7191354043644,34266.84,34380.0,37008.18,37130.4,230.18397626112758,337,113.16000000000349,122.22000000000116
J100029,HP81571,Genus,three,Faulty,DT-030,26.87565086656725,75.68719877992775,2056.74,2116.01,2221.28,2285.29,229.7359050445104,337,59.27000000000044,64.00999999999976
J100030,GE11313,Allied,single,Installed,DT-031,26.859978929248268,75.87472422593059,21251.29,21401.12,22951.39,23113.21,229.7626112759644,337,149.8299999999981,161.8199999999997
J100031,AL32944,Genus,single,Faulty,DT-032,26.90050683412012,75.76792595003285,32128.97,32260.74,34699.29,34841.6,229.97626112759644,337,131.77000000000044,142.30999999999767
J100032,SE84140,Allied,three,Installed,DT-033,26.9271694820771,75.75485933266832,45854.3,45984.05,49522.65,49662.77,230.1186943620178,337,129.75,140.11999999999534
J100033,L&54551,HPL,single,Installed,DT-034,26.99666196750952,75.77171798251588,43192.89,43302.12,46648.32,46766.29,230.46290801186944,337,109.2300000000032,117.97000000000116
J100034,HP16518,L&T,three,Installed,DT-035,26.894290605238734,75.68666997380573,25176.25,25312.98,27190.35,27338.01,229.77448071216617,337,136.72999999999956,147.65999999999985
J100035,AL90270,HPL,three,Installed,DT-036,26.80618248731373,75.90365962751461,19783.54,19862.53,21366.22,21451.53,230.54896142433233,337,78.98999999999796,85.30999999999767
J100036,GE36524,Allied,three,Installed,DT-037,27.03358569482118,75.71084991822504,15697.4,15850.6,16953.19,17118.65,229.59050445103858,337,153.20000000000073,165.46000000000276
J100037,SE46344,L&T,single,Faulty,DT-038,26.79063881575605,75.70592233291613,23957.74,24138.75,25874.36,26069.85,230.16023738872403,337,181.0099999999984,195.48999999999796
J100038,HP58535,Allied,three,Faulty,DT-039,26.98274578418825,75.87184980491661,1856.92,1932.06,2005.47,2086.63,230.05637982195844,337,75.13999999999987,81.16000000000008
J100039,AL96955,Genus,single,Faulty,DT-040,26.98353473262871,75.77186959112082,20237.26,20369.12,21856.24,21998.65,230.35311572700297,337,131.86000000000058,142.40999999999985
J100040,AL53485,Secure,single,Installed,DT-001,26.84893778260341,75.71342736840965,5219.83,5281.86,5637.41,5704.41,229.25,8,62.029999999999745,67.0
J100041,AL61994,Secure,single,Installed,DT-002,27.02482647713516,75.8137638774679,28059.83,28120.35,30304.62,30369.97,230.5,8,60.5199999999968,65.35000000000218
J100042,SE45169,Secure,single,Faulty,DT-003,27.00014490567157,75.74596449933965,8823.56,8881.25,9529.44,9591.75,229.875,8,57.69000000000051,62.30999999999949
J100043,AL79965,Genus,three,Installed,DT-004,26.8436457650085,75.70541359592248,23980.26,24076.21,25898.68,26002.3,228.5,8,95.95000000000073,103.61999999999898
J100044,HP44211,Secure,single,Installed,DT-005,26.85587993237898,75.8167241689262,28112.13,28274.69,30361.1,30536.67,228.125,8,162.55999999999767,175.5699999999997
J100045,GE77151,Allied,three,Faulty,DT-006,27.017410082479568,75.77169267015783,21720.76,21808.04,23458.42,23552.68,231.25,8,87.28000000000247,94.26000000000204
J100046,AL11788,Secure,single,Decommissioned,DT-007,26.973315567097256,75.87694795933571,26545.32,26682.07,28668.94,28816.63,227.75,8,136.75,147.69000000000233
J100047,SE12845,Secure,three,Decommissioned,DT-008,26.88659656813145,75.86239808137547,6284.31,6412.23,6787.06,6925.21,228.875,8,127.91999999999916,138.14999999999964
J100048,AL78296,Allied,three,Faulty,DT-009,26.798749930486174,75.85150988182072,21915.0,21998.7,23668.2,23758.59,233.125,8,83.70000000000073,90.38999999999942
J100049,L&34156,HPL,single,Installed,DT-010,26.88529550304413,75.78219245482255,37562.9,37635.6,40567.93,40646.45,226.75,8,72.69999999999709,78.5199999999968
J100050,HP51466,Secure,single,Decommissioned,DT-011,26.91184227060769,75.76559774679849,13885.38,13964.94,14996.22,15082.13,229.625,8,79.56000000000131,85.90999999999985
J100051,L&36623,Secure,single,Installed,DT-012,26.86211623603488,75.83200127582317,29019.48,29179.41,31341.04,31513.76,230.375,8,159.9300000000003,172.71999999999753
J100052,AL37982,HPL,single,Faulty,DT-013,26.85058011978874,75.86381490863646,40711.82,40849.02,43968.76,44116.95,231.0,8,137.1999999999971,148.18999999999505
J100053,GE44903,Secure,single,Decommissioned,DT-014,26.8395805092576,75.68506833623182,6357.27,6531.13,6865.85,7053.62,232.75,8,173.85999999999967,187.76999999999953
J100054,AL82724,HPL,single,Decommissioned,DT-015,26.97314815208558,75.7097902355345,26203.49,26368.59,28299.76,28478.08,232.375,8,165.09999999999854,178.32000000000335
J100055,L&17672,Secure,three,Installed,DT-016,26.911105238685945,75.88213391256072,5542.31,5694.88,5985.7,6150.47,231.375,8,152.5699999999997,164.77000000000044
J100056,L&73096,HPL,single,Installed,DT-017,26.858960750948267,75.8599042225142,20100.14,20200.32,21708.16,21816.34,232.75,8,100.18000000000029,108.18000000000029
J100057,SE22317,Allied,single,Installed,DT-018,26.79367193762921,75.76651899473295,9798.15,9979.89,10582.0,10778.28,231.875,8,181.73999999999978,196.28000000000065
J100058,AL86953,Secure,single,Decommissioned,DT-019,26.813750640808237,75.66295763894236,36767.47,36814.78,39708.86,39759.97,233.625,8,47.30999999999767,51.11000000000058
J100059,GE60515,Secure,three,Installed,DT-020,26.86420856040679,75.72388849195345,27893.7,28026.61,30125.2,30268.74,225.0,8,132.90999999999985,143.54000000000087
J100060,SE20579,L&T,single,Installed,DT-021,26.96016072414825,75.89961631529518,31559.96,31614.43,34084.76,34143.58,229.375,8,54.470000000001164,58.81999999999971
J100061,AL70649,Secure,single,Installed,DT-022,26.99715901739439,75.77622033996526,48495.61,48600.19,52375.26,52488.21,230.0,8,104.58000000000175,112.94999999999709
J100062,HP50895,Genus,single,Installed,DT-023,27.025506146105567,75.6766309039413,12383.26,12459.13,13373.92,13455.86,233.5,8,75.86999999999898,81.94000000000051
J100063,HP88012,L&T,three,Installed,DT-024,26.83832188291019,75.88909358226014,13676.58,13822.55,14770.71,14928.35,229.625,8,145.96999999999935,157.64000000000124
J100064,SE54727,L&T,single,Faulty,DT-025,27.006942038568763,75.77272174545583,41766.48,41868.88,45107.8,45218.4,229.125,8,102.39999999999418,110.59999999999854
J100065,HP43868,Genus,three,Decommissioned,DT-026,26.86649707631916,75.81763579944167,39699.7,39765.95,42875.67,42947.23,228.75,8,66.25,71.56000000000495
J100066,HP85563,Genus,single,Installed,DT-027,26.830953103809247,75.88988134343894,38920.77,39063.74,42034.43,42188.84,229.5,8,142.97000000000116,154.40999999999622
J100067,SE54695,HPL,three,Installed,DT-028,27.007424007314352,75.91221039704764,12635.1,12702.7,13645.91,13718.92,229.625,8,67.60000000000036,73.01000000000022
J100068,GE23103,L&T,single,Faulty,DT-029,26.85775886211088,75.75026766173328,44951.99,45041.47,48548.15,48644.79,231.75,8,89.4800000000032,96.63999999999942
J100069,GE45464,L&T,single,Installed,DT-030,26.98187858881904,75.71496092874808,16390.9,16457.52,17702.17,17774.12,230.375,8,66.61999999999898,71.95000000000073
J100070,HP99315,Secure,three,Installed,DT-031,26.957938505422884,75.88334820725508,43186.05,43230.8,46640.93,46689.26,225.5,8,44.75,48.330000000001746
J100071,GE16737,Genus,single,Installed,DT-032,26.80474339655377,75.75178600961594,19616.54,19659.01,21185.87,21231.73,232.375,8,42.469999999997526,45.86000000000058
J100072,GE14293,Secure,single,Installed,DT-033,26.9039103657404,75.90926199246682,2958.33,3042.73,3194.99,3286.15,229.25,8,84.40000000000009,91.16000000000031
J100073,SE15915,Secure,single,Installed,DT-034,27.01426083178269,75.85110813656142,32841.72,32955.46,35469.06,35591.9,230.75,8,113.73999999999796,122.84000000000378
J100074,GE58830,Allied,single,Installed,DT-035,26.84955309322579,75.68968729352132,21314.21,21356.88,23019.35,23065.43,230.5,8,42.67000000000189,46.080000000001746
J100075,AL30161,HPL,single,Installed,DT-036,26.98636564044757,75.77777843232984,18628.48,18732.41,20118.76,20231.0,229.5,8,103.93000000000029,112.2400000000016
J100076,SE66325,Genus,three,Decommissioned,DT-037,26.89100904131085,75.90473184679654,37852.94,37996.27,40881.17,41035.97,230.0,8,143.32999999999447,154.8000000000029
J100077,SE42317,HPL,three,Installed,DT-038,27.02608775193114,75.72898730109232,47683.47,47758.18,51498.15,51578.83,231.75,8,74.70999999999913,80.68000000000029
J100078,SE88635,Genus,single,Installed,DT-039,26.92576632546736,75.73047555974703,31901.23,32031.56,34453.33,34594.08,229.5,8,130.33000000000175,140.75
J100079,L&18497,Secure,single,Faulty,DT-040,26.90536518985648,75.7449232333784,42731.05,42819.93,46149.53,46245.53,229.5,8,88.87999999999738,96.0
J100080,HP78319,L&T,single,Faulty,DT-001,26.993871215118656,75.79331641065441,4712.73,4773.52,5089.75,5155.4,226.25,8,60.79000000000087,65.64999999999964
J100081,SE58025,Genus,three,Faulty,DT-002,27.03687098240955,75.82537683702326,45081.74,45233.83,48688.27,48852.53,232.875,8,152.09000000000378,164.26000000000204
J100082,GE70201,Allied,single,Installed,DT-003,27.03041389802713,75.760931099856,6877.9,6957.91,7428.13,7514.55,228.625,8,80.01000000000022,86.42000000000007
J100083,AL80783,Secure,single,Installed,DT-004,27.01717198334411,75.68021129226331,30025.79,30114.9,32427.85,32524.09,226.75,8,89.11000000000058,96.2400000000016
J100084,HP41062,Secure,single,Installed,DT-005,27.00496092773285,75.7741893250823,13512.26,13614.3,14593.24,14703.44,232.625,8,102.03999999999905,110.20000000000073
J100085,L&11577,Secure,single,Installed,DT-006,26.799325114144107,75.85415199809727,21484.08,21616.19,23202.81,23345.49,227.375,8,132.10999999999694,142.6800000000003
J100086,SE82374,Secure,single,Installed,DT-007,26.88090062214071,75.85356948009944,45512.76,45636.86,49153.78,49287.81,227.5,8,124.09999999999854,134.02999999999884
J100087,AL87529,L&T,single,Installed,DT-008,26.859551473956184,75.83779447459169,34996.95,35040.15,37796.7,37843.36,234.0,8,43.200000000004366,46.66000000000349
J100088,AL28934,HPL,three,Decommissioned,DT-009,27.026540864345247,75.70730025947346,37952.83,37998.74,40989.06,41038.64,226.25,8,45.90999999999622,49.580000000001746
J100089,HP38170,Allied,three,Installed,DT-010,26.94859472071296,75.74747311618198,12678.83,12732.34,13693.14,13750.93,230.625,9,53.51000000000022,57.79000000000087
J100090,GE84127,L&T,three,Decommissioned,DT-011,26.964433913554625,75.8017710977329,12740.95,12854.16,13760.23,13882.49,231.125,8,113.20999999999913,122.26000000000022
J100091,AL29103,HPL,three,Installed,DT-012,27.016122160216423,75.90974773260318,31831.1,31961.7,34377.59,34518.64,227.75,8,130.60000000000218,141.0500000000029
J100092,L&21671,Secure,single,Installed,DT-013,26.79582787959846,75.86574329724321,36359.96,36443.33,39268.75,39358.8,226.625,8,83.37000000000262,90.05000000000291
J100093,SE74056,Secure,three,Installed,DT-014,26.800532766762284,75.81371634410247,14331.69,14415.6,15478.23,15568.85,229.625,8,83.90999999999985,90.6200000000008
J100094,HP51638,Secure,three,Decommissioned,DT-015,27.01301318526277,75.68191015502457,28189.13,28315.18,30444.26,30580.39,230.125,8,126.04999999999927,136.13000000000102
J100095,HP15413,Secure,single,Installed,DT-016,26.955269560595134,75.83796448822618,45226.79,45321.68,48844.93,48947.41,234.375,8,94.88999999999942,102.4800000000032
J100096,AL72535,Secure,single,Decommissioned,DT-017,26.915519227360004,75.70207432614193,32842.12,32904.55,35469.49,35536.92,229.375,8,62.43000000000029,67.43000000000029
J100097,L&77130,Secure,single,Installed,DT-018,26.84077390088244,75.683714452116,37123.96,37241.42,40093.88,40220.74,233.625,8,117.45999999999913,126.86000000000058
J100098,AL81254,Allied,single,Installed,DT-019,26.887305082257463,75.90322161492445,17508.99,17560.11,18909.71,18964.92,228.0,8,51.11999999999898,55.20999999999913
J100099,SE75722,Secure,single,Installed,DT-020,27.01210396035351,75.70534407804739,18516.53,18681.95,19997.85,20176.5,225.875,8,165.4200000000019,178.65000000000146
J100100,AL52171,Secure,three,Decommissioned,DT-021,26.97161104608569,75.85467922900357,20373.31,20415.4,22003.17,22048.63,230.5,8,42.090000000000146,45.460000000002765
J100101,L&60373,Secure,single,Installed,DT-022,26.82723271017205,75.81509753849609,7001.56,7168.82,7561.69,7742.33,228.0,8,167.2599999999993,180.64000000000033
J100102,SE24788,Allied,single,Installed,DT-023,27.030038479918243,75.6908235370393,40544.79,40635.12,43788.38,43885.93,228.75,8,90.33000000000175,97.55000000000291
J100103,AL15201,Secure,single,Faulty,DT-024,26.951273827958016,75.911941229806,29521.47,29609.87,31883.19,31978.66,233.125,8,88.39999999999782,95.47000000000116
J100104,GE56633,HPL,single,Decommissioned,DT-025,26.87348499314869,75.86630232478278,15691.55,15786.98,16946.88,17049.94,228.875,8,95.43000000000029,103.05999999999767
J100105,SE31920,L&T,three,Faulty,DT-026,26.80447787654596,75.84242082402129,35363.27,35519.18,38192.33,38360.71,228.625,8,155.9100000000035,168.37999999999738
J100106,GE81683,Genus,three,Faulty,DT-027,26.8256871797774,75.73696374925571,27673.58,27812.23,29887.46,30037.21,228.25,8,138.64999999999782,149.75
J100107,L&53539,Allied,three,Installed,DT-028,26.94664385597464,75.8466031195458,27591.05,27680.23,29798.33,29894.65,231.5,8,89.18000000000029,96.31999999999971
J100108,AL42293,Genus,single,Installed,DT-029,26.90206764821671,75.87713745943988,31477.61,31629.67,33995.82,34160.04,229.375,8,152.05999999999767,164.22000000000116
J100109,GE86790,Secure,three,Decommissioned,DT-030,26.97937068765061,75.77478607968446,2646.35,2741.41,2858.06,2960.73,228.25,8,95.05999999999995,102.67000000000007
J100110,AL45487,Genus,three,Decommissioned,DT-031,27.00577066760054,75.88134659253778,24904.99,25035.85,26897.38,27038.72,231.875,8,130.85999999999694,141.34000000000015
J100111,AL34868,Genus,three,Decommissioned,DT-032,26.984184492989534,75.77307397759073,9878.87,9989.92,10669.18,10789.11,227.25,8,111.04999999999927,119.93000000000029
J100112,HP47246,HPL,three,Installed,DT-033,26.94170200879928,75.6891616459216,12980.45,13079.2,14018.89,14125.53,229.25,8,98.75,106.64000000000124
J100113,GE46526,Allied,single,Installed,DT-034,26.852311743276758,75.84794305640757,16884.75,16983.59,18235.53,18342.28,231.5,8,98.84000000000015,106.75
J100114,HP54061,HPL,single,Installed,DT-035,26.983198897126226,75.74673817670923,40557.87,40644.87,43802.5,43896.46,231.125,8,87.0,93.95999999999913
J100115,GE60587,L&T,three,Faulty,DT-036,26.907300033052547,75.8092117043307,28598.19,28651.51,30886.05,30943.63,229.875,8,53.31999999999971,57.580000000001746
J100116,HP79875,Genus,single,Installed,DT-037,26.9233317068127,75.74720101003554,29094.44,29207.49,31421.99,31544.08,227.5,8,113.05000000000291,122.09000000000015
J100117,GE65532,HPL,three,Faulty,DT-038,26.906836789187604,75.91104594941503,6045.56,6156.82,6529.21,6649.36,230.75,8,111.25999999999931,120.14999999999964
J100118,GE94954,Genus,single,Installed,DT-039,26.930814190912155,75.75150837723417,12448.32,12622.5,13444.19,13632.31,224.0,8,174.1800000000003,188.11999999999898
J100119,SE62174,Allied,single,Installed,DT-040,27.013673075735664,75.78819457968716,41427.01,41593.5,44741.17,44920.98,232.625,8,166.48999999999796,179.81000000000495
J100120,SE23266,HPL,single,Decommissioned,DT-001,26.82549364396148,75.76452416336183,14305.74,14359.23,15450.2,15507.97,225.25,8,53.48999999999978,57.76999999999862
J100121,GE18646,Secure,single,Installed,DT-002,27.02794513702868,75.69250506747998,26560.86,26617.13,28685.73,28746.5,233.0,8,56.27000000000044,60.77000000000044
J100122,L&20502,Allied,single,Installed,DT-003,26.84605137354704,75.88443405859657,7680.68,7756.37,8295.14,8376.88,230.625,8,75.6899999999996,81.73999999999978
J100123,AL82309,Secure,single,Installed,DT-004,26.950429685150837,75.77498380109687,32599.88,32708.8,35207.87,35325.51,230.875,8,108.91999999999825,117.63999999999942
J100124,AL49570,Secure,three,Installed,DT-005,27.008547584496068,75.73145555655724,13170.54,13239.79,14224.18,14298.97,226.875,8,69.25,74.78999999999905
J100125,GE64722,L&T,single,Decommissioned,DT-006,27.00930815152135,75.81488361690212,13193.59,13304.25,14249.08,14368.59,232.25,8,110.65999999999985,119.51000000000022
J100126,L&14240,Genus,three,Faulty,DT-007,26.994564630410263,75.7897835698423,14208.05,14344.72,15344.69,15492.3,231.625,8,136.67000000000007,147.60999999999876
J100127,HP42089,Allied,single,Installed,DT-008,26.928221526001675,75.71619564961661,31229.45,31316.02,33727.81,33821.31,230.5,8,86.56999999999971,93.5
J100128,AL27218,HPL,single,Decommissioned,DT-009,27.00757318510916,75.82757196689276,43928.87,44100.78,47443.18,47628.84,231.75,8,171.90999999999622,185.65999999999622
J100129,AL76188,Allied,single,Faulty,DT-010,26.99256946737189,75.89183307599528,30833.46,30981.81,33300.13,33460.36,225.0,8,148.35000000000218,160.2300000000032
J100130,AL64775,Allied,single,Decommissioned,DT-011,26.809264777198063,75.76518889042568,14438.28,14565.89,15593.34,15731.16,230.25,8,127.60999999999876,137.8199999999997
J100131,GE46952,L&T,single,Faulty,DT-012,26.79036011514729,75.70920853354987,45714.89,45883.16,49372.08,49553.82,234.5,8,168.27000000000407,181.73999999999796
J100132,GE83982,Allied,single,Decommissioned,DT-013,26.819899065215235,75.88091509105656,14295.26,14389.99,15438.88,15541.19,231.875,8,94.72999999999956,102.31000000000131
J100133,L&73667,L&T,three,Installed,DT-014,26.874731863178408,75.8336715402293,2263.74,2348.57,2444.84,2536.46,231.875,8,84.83000000000038,91.61999999999989
J100134,GE15223,HPL,single,Installed,DT-015,26.95083348525697,75.8917891467318,46364.29,46417.94,50073.43,50131.38,231.75,9,53.650000000001455,57.94999999999709
J100135,SE87649,Genus,three,Installed,DT-016,26.956041073803885,75.76158743925411,42357.12,42529.11,45745.68,45931.44,229.875,8,171.98999999999796,185.76000000000204
J100136,SE54061,Genus,single,Installed,DT-017,27.01231229255684,75.8732982657712,35649.99,35753.76,38501.98,38614.07,232.0,8,103.77000000000407,112.08999999999651
J100137,HP29170,L&T,single,Installed,DT-018,26.81931899892409,75.86376241551265,31991.9,32093.22,34551.25,34660.68,227.75,8,101.31999999999971,109.43000000000029
J100138,GE99735,L&T,single,Installed,DT-019,26.898825400304144,75.76374456778653,16286.73,16331.08,17589.67,17637.57,230.625,8,44.350000000000364,47.900000000001455
J100139,HP95472,HPL,single,Decommissioned,DT-020,26.89247883533137,75.69984716005642,31449.84,31616.87,33965.82,34146.22,229.625,8,167.02999999999884,180.40000000000146
J100140,L&19811,Secure,single,Installed,DT-021,26.952832898967998,75.78752460898617,8056.36,8157.51,8700.87,8810.11,227.125,8,101.15000000000055,109.23999999999978
J100141,HP87147,Allied,single,Decommissioned,DT-022,26.85454748620289,75.85264968566848,46158.52,46256.98,49851.2,49957.54,230.625,8,98.4600000000064,106.34000000000378
J100142,GE37070,Genus,single,Faulty,DT-023,26.864012866309007,75.87997245500814,44802.37,44847.52,48386.56,48435.32,228.875,8,45.14999999999418,48.76000000000204
J100143,AL20532,HPL,single,Installed,DT-024,26.96570119864084,75.80189176832577,43723.84,43774.92,47221.74,47276.91,230.25,8,51.080000000001746,55.17000000000553
J100144,HP88938,Allied,three,Installed,DT-025,26.983934223738128,75.68093927795785,14824.59,14988.51,16010.56,16187.59,226.875,8,163.92000000000007,177.03000000000065
J100145,AL96413,HPL,three,Faulty,DT-026,26.895461915554574,75.77367458501617,18115.07,18287.35,19564.27,19750.34,233.625,8,172.27999999999884,186.0699999999997
J100146,L&24684,Secure,three,Faulty,DT-027,26.84639475200568,75.7698612998684,5946.91,6117.62,6422.66,6607.03,231.75,8,170.71000000000004,184.3699999999999
J100147,AL51783,HPL,three,Decommissioned,DT-028,26.97446464918796,75.77368569371542,12664.34,12751.18,13677.49,13771.28,234.625,8,86.84000000000015,93.79000000000087
J100148,SE33726,HPL,single,Faulty,DT-029,26.954595117392117,75.8795456162516,29896.18,30001.84,32287.87,32401.99,229.625,8,105.65999999999985,114.12000000000262
J100149,HP40386,Genus,three,Installed,DT-030,26.93289198927125,75.73348173089111,22410.14,22577.27,24202.95,24383.45,230.5,8,167.13000000000102,180.5
J100150,SE36527,Allied,single,Installed,DT-031,26.81646574570807,75.72390176487174,1816.53,1953.95,1961.85,2110.27,228.75,8,137.42000000000007,148.42000000000007
J100151,AL33481,L&T,single,Installed,DT-032,26.85904651231142,75.66347268855684,41532.18,41668.59,44854.76,45002.08,229.625,8,136.40999999999622,147.3199999999997
J100152,HP33103,Genus,three,Decommissioned,DT-033,26.946261796197017,75.75008974582674,8518.54,8577.14,9200.02,9263.31,232.5,8,58.599999999998545,63.289999999999054
J100153,HP65722,Secure,single,Installed,DT-034,27.00216982353488,75.78927915366152,4277.69,4360.68,4619.91,4709.54,232.25,8,82.99000000000069,89.63000000000011
J100154,L&59073,HPL,single,Faulty,DT-035,26.936668826644404,75.9102366377811,19730.83,19881.73,21309.29,21472.27,230.125,8,150.89999999999782,162.97999999999956
J100155,L&19503,L&T,three,Installed,DT-036,26.96600173463123,75.69025884705847,45108.26,45196.0,48716.92,48811.68,229.375,8,87.73999999999796,94.76000000000204
J100156,GE74917,Allied,three,Installed,DT-037,26.848220725164374,75.80404464921234,10813.6,10966.87,11678.69,11844.22,229.0,8,153.27000000000044,165.52999999999884
J100157,HP13109,Allied,three,Installed,DT-038,26.866772080334,75.7149510059135,1799.94,1941.44,1943.94,2096.76,230.5,8,141.5,152.82000000000016
J100158,L&16517,Secure,single,Faulty,DT-039,26.816632586384756,75.70285034270277,7338.06,7436.38,7925.1,8031.29,228.875,8,98.31999999999971,106.1899999999996
J100159,SE16700,Secure,single,Installed,DT-040,26.892812074597558,75.80417131257495,17800.35,17927.07,19224.38,19361.23,226.125,8,126.72000000000116,136.84999999999854
J100160,AL15252,Secure,single,Installed,DT-001,26.986727599257232,75.69093287786022,13770.58,13821.89,14872.23,14927.64,230.125,8,51.30999999999949,55.409999999999854
J100161,AL35701,HPL,three,Faulty,DT-002,26.97501075771181,75.81564131923737,38300.38,38400.32,41364.41,41472.34,227.375,8,99.94000000000233,107.92999999999302
J100162,HP32311,HPL,single,Faulty,DT-003,27.02344002024513,75.69415598022537,32290.39,32367.51,34873.62,34956.91,227.625,8,77.11999999999898,83.29000000000087
J100163,AL86695,Genus,single,Faulty,DT-004,26.8721479509539,75.9039131332866,7978.93,8092.43,8617.24,8739.82,233.0,8,113.5,122.57999999999993
J100164,L&33110,L&T,single,Installed,DT-005,26.93195405977788,75.9007691212792,35150.52,35325.37,37962.56,38151.4,230.0,8,174.85000000000582,188.84000000000378
J100165,L&86204,HPL,single,Decommissioned,DT-006,26.93749916038253,75.69426563338861,40646.49,40768.98,43898.21,44030.5,228.25,8,122.49000000000524,132.29000000000087
J100166,HP27187,Allied,single,Installed,DT-007,26.85646679098029,75.89545398482373,46022.86,46110.78,49704.69,49799.64,230.0,8,87.91999999999825,94.94999999999709
J100167,SE56313,Secure,single,Installed,DT-008,26.82616675281208,75.82642080504233,43145.46,43287.12,46597.1,46750.09,228.25,8,141.6600000000035,152.98999999999796
J100168,AL94630,Secure,three,Decommissioned,DT-009,26.952264065474832,75.75209291643482,13004.16,13074.82,14044.49,14120.8,232.0,8,70.65999999999985,76.30999999999949
J100169,SE57833,Allied,three,Installed,DT-010,27.012046898976063,75.74453572920542,41319.31,41380.28,44624.86,44690.7,229.5,8,60.970000000001164,65.83999999999651
J100170,L&26991,HPL,single,Installed,DT-011,26.941281921956783,75.71731542362618,47147.41,47325.28,50919.2,51111.3,228.625,8,177.86999999999534,192.10000000000582
J100171,SE23363,L&T,three,Installed,DT-012,26.801313182832768,75.7468211079577,8864.68,8914.19,9573.85,9627.32,232.75,8,49.51000000000022,53.469999999999345
J100172,GE60513,HPL,three,Decommissioned,DT-013,26.820991521671044,75.75371491306946,5375.14,5459.18,5805.15,5895.91,229.5,8,84.03999999999996,90.76000000000022
J100173,SE97241,HPL,three,Faulty,DT-014,26.852297058706267,75.70979772511423,22963.17,23067.3,24800.22,24912.69,231.875,8,104.13000000000102,112.46999999999753
J100174,GE50049,HPL,three,Faulty,DT-015,26.98202682795711,75.82782743839566,22462.91,22517.96,24259.94,24319.4,230.0,8,55.04999999999927,59.460000000002765
J100175,GE22774,Genus,three,Installed,DT-016,26.91938559416924,75.719052423523,7186.22,7352.16,7761.12,7940.34,228.0,8,165.9399999999996,179.22000000000025
J100176,L&21633,L&T,single,Installed,DT-017,26.810790345682857,75.69175742598968,18455.87,18546.22,19932.34,20029.92,233.875,8,90.35000000000218,97.57999999999811
J100177,HP13546,Genus,single,Installed,DT-018,27.034026832929907,75.87879010316469,42481.98,42574.49,45880.54,45980.45,230.5,8,92.50999999999476,99.90999999999622
J100178,SE46730,HPL,single,Decommissioned,DT-019,26.926511465890894,75.74719245944657,7316.58,7474.72,7901.91,8072.69,233.875,8,158.14000000000033,170.77999999999975
J100179,SE54860,Genus,single,Faulty,DT-020,26.88900566616105,75.80094822202595,29769.94,29895.0,32151.53,32286.6,227.75,8,125.06000000000131,135.0699999999997
J100180,HP83960,L&T,single,Installed,DT-021,26.93839912689766,75.77260963197118,37116.15,37195.32,40085.44,40170.95,227.125,8,79.16999999999825,85.50999999999476
J100181,SE22748,L&T,three,Decommissioned,DT-022,26.8657685449278,75.70588272708487,15030.53,15116.51,16232.97,16325.83,231.5,8,85.97999999999956,92.86000000000058
J100182,SE39101,HPL,three,Faulty,DT-023,26.857713348958736,75.69066664416827,16021.95,16104.41,17303.7,17392.76,229.625,8,82.45999999999913,89.05999999999767
J100183,GE84356,Secure,single,Installed,DT-024,26.9772560745758,75.78453192048259,27264.03,27358.99,29445.15,29547.71,228.125,8,94.96000000000276,102.55999999999767
J100184,L&99651,Genus,single,Decommissioned,DT-025,26.79310061657345,75.77719558592439,48084.82,48225.98,51931.6,52084.06,231.375,8,141.1600000000035,152.45999999999913
J100185,GE82252,L&T,single,Installed,DT-026,26.817779916657692,75.7062036336029,3426.69,3502.68,3700.82,3782.89,232.625,8,75.98999999999978,82.06999999999971
J100186,AL67347,L&T,single,Installed,DT-027,26.884568181673625,75.8703402323627,37569.8,37734.99,40575.38,40753.79,226.875,8,165.18999999999505,178.4100000000035
J100187,SE25173,Genus,single,Installed,DT-028,26.936908230097128,75.67222833735654,31786.2,31967.35,34329.1,34524.74,234.125,8,181.14999999999782,195.63999999999942
J100188,L&47410,L&T,single,Installed,DT-029,26.87739185037101,75.88106774582779,17209.78,17359.76,18586.56,18748.54,230.5,8,149.97999999999956,161.97999999999956
J100189,SE76592,Genus,single,Decommissioned,DT-030,26.79831866893694,75.74276331052901,2486.49,2541.43,2685.41,2744.74,231.5,8,54.940000000000055,59.32999999999993
J100190,SE78014,Genus,three,Installed,DT-031,26.925336431274285,75.86011811907888,43810.89,43925.29,47315.76,47439.32,230.75,8,114.40000000000146,123.55999999999767
J100191,L&24211,Secure,single,Installed,DT-032,26.807337142904384,75.86840409911024,34121.65,34279.5,36851.38,37021.86,229.125,8,157.84999999999854,170.4800000000032
J100192,L&49064,Secure,single,Installed,DT-033,27.016361999760942,75.71268685695036,21863.05,21955.89,23612.09,23712.36,232.75,8,92.84000000000015,100.27000000000044
J100193,GE31806,Allied,three,Faulty,DT-034,26.85615352433417,75.7991681168533,22177.63,22343.69,23951.84,24131.18,230.5,8,166.05999999999767,179.34000000000015
J100194,L&18718,HPL,three,Installed,DT-035,26.841456574648717,75.68901440062113,38321.31,38472.06,41387.02,41549.83,232.875,8,150.75,162.81000000000495
J100195,L&66830,L&T,single,Installed,DT-036,27.02886812700201,75.8607584799502,24451.29,24530.81,26407.39,26493.27,231.5,9,79.52000000000044,85.88000000000102
J100196,L&38798,HPL,single,Decommissioned,DT-037,26.969927468365157,75.66987958967006,20645.33,20745.55,22296.95,22405.2,230.75,8,100.21999999999753,108.25
J100197,SE40477,HPL,single,Installed,DT-038,27.031572027742023,75.81779711039057,5133.08,5280.41,5543.73,5702.84,228.625,8,147.32999999999993,159.11000000000058
J100198,GE31315,L&T,single,Faulty,DT-039,26.95305965814516,75.77971957732011,47101.36,47228.99,50869.47,51007.31,230.625,8,127.62999999999738,137.8399999999965
J100199,L&92217,L&T,single,Decommissioned,DT-040,27.02573337501856,75.84767606071914,45256.78,45318.8,48877.32,48944.31,231.25,8,62.020000000004075,66.98999999999796
J100200,GE97492,Genus,single,Faulty,DT-001,26.85241167622628,75.716893184439,21178.16,21254.9,22872.41,22955.29,229.75,8,76.7400000000016,82.88000000000102
J100201,GE71313,Genus,single,Installed,DT-002,26.838135714961776,75.81548913775264,26440.25,26522.5,28555.47,28644.3,229.5,8,82.25,88.82999999999811
J100202,SE25014,Secure,single,Decommissioned,DT-003,26.869900116084704,75.89043543508528,26884.79,27035.68,29035.57,29198.54,234.625,8,150.88999999999942,162.97000000000116
J100203,HP68667,L&T,single,Faulty,DT-004,26.95078501306018,75.68583857649723,1811.38,1904.33,1956.29,2056.67,230.625,8,92.94999999999982,100.38000000000011
J100204,AL18327,Genus,single,Installed,DT-005,26.972466612844823,75.84731092452789,8111.48,8205.66,8760.39,8862.12,231.125,8,94.18000000000029,101.73000000000138
J100205,SE11728,Allied,three,Installed,DT-006,26.9668140652637,75.68901408589231,7091.72,7169.55,7659.06,7743.11,229.875,8,77.82999999999993,84.04999999999927
J100206,HP91766,Allied,single,Faulty,DT-007,26.983626741245484,75.8533569400643,3598.77,3676.62,3886.67,3970.75,233.0,8,77.84999999999991,84.07999999999993
J100207,AL35413,Genus,single,Installed,DT-008,26.953403390622796,75.77473417212973,43792.81,43888.01,47296.23,47399.05,231.5,8,95.20000000000437,102.81999999999971
J100208,L&21843,Allied,single,Decommissioned,DT-009,26.81123513050154,75.7589083641979,1826.61,1978.66,1972.74,2136.96,229.375,8,152.05000000000018,164.22000000000003
J100209,SE75597,Genus,single,Installed,DT-010,26.926473930447923,75.80786264091516,30933.89,31013.6,33408.6,33494.68,231.0,8,79.70999999999913,86.08000000000175
J100210,HP96098,Genus,three,Installed,DT-011,26.82345170652736,75.88492325481279,31521.16,31567.78,34042.85,34093.2,227.0,8,46.61999999999898,50.349999999998545
J100211,AL10409,L&T,single,Faulty,DT-012,26.79677630957924,75.80086753217988,21678.14,21802.97,23412.39,23547.2,226.75,9,124.83000000000175,134.8100000000013
J100212,SE86091,Genus,three,Faulty,DT-013,26.85148334325533,75.7881479593671,38643.16,38747.9,41734.61,41847.73,232.625,8,104.73999999999796,113.12000000000262
J100213,AL97854,HPL,single,Faulty,DT-014,26.97392070366079,75.83313521990571,48586.39,48735.65,52473.31,52634.5,233.25,8,149.26000000000204,161.19000000000233
J100214,AL10685,HPL,single,Installed,DT-015,26.985646646730697,75.77524915265171,39183.23,39346.44,42317.89,42494.15,231.0,8,163.20999999999913,176.26000000000204
J100215,HP57411,Allied,single,Installed,DT-016,26.83211482598456,75.73066510344874,37601.77,37670.17,40609.91,40683.79,229.0,8,68.40000000000146,73.87999999999738
J100216,L&92015,HPL,single,Installed,DT-017,26.943004574712926,75.7836808824541,18487.9,18635.47,19966.93,20126.31,231.75,8,147.5699999999997,159.38000000000102
J100217,L&55852,Genus,single,Installed,DT-018,26.85163886062112,75.71149554811204,47602.58,47767.71,51410.79,51589.13,228.125,8,165.12999999999738,178.3399999999965
J100218,GE39438,Secure,single,Installed,DT-019,26.936323006549014,75.82915033822432,4669.3,4763.43,5042.84,5144.51,228.625,8,94.13000000000011,101.67000000000007
J100219,SE20412,Secure,three,Faulty,DT-020,26.859423461631035,75.90044292432508,31414.54,31459.45,33927.71,33976.2,228.75,8,44.909999999999854,48.48999999999796
J100220,GE17940,Genus,single,Decommissioned,DT-021,26.87563120436864,75.90832351029171,9988.82,10110.2,10787.92,10919.01,230.875,8,121.38000000000102,131.09000000000015
J100221,L&26784,Genus,single,Faulty,DT-022,26.86469741185904,75.69491660400313,23292.43,23398.78,25155.83,25270.68,230.875,8,106.34999999999854,114.84999999999854
J100222,SE59216,Genus,single,Faulty,DT-023,26.83585317156287,75.79876188465646,46441.95,46581.93,50157.31,50308.49,231.0,8,139.9800000000032,151.1800000000003
J100223,AL51422,L&T,single,Installed,DT-024,26.839923685677444,75.76779098381307,31119.1,31247.86,33608.62,33747.69,228.25,8,128.76000000000204,139.0699999999997
J100224,SE42740,L&T,three,Installed,DT-025,26.99728365984522,75.85349367026724,40543.17,40592.83,43786.62,43840.26,228.375,8,49.66000000000349,53.63999999999942
J100225,L&29969,Secure,three,Installed,DT-026,26.833480749132672,75.70113473877795,28323.12,28467.72,30588.97,30745.14,230.125,8,144.60000000000218,156.16999999999825
J100226,L&29637,HPL,single,Faulty,DT-027,26.84055277306363,75.71425983831072,35242.28,35295.02,38061.66,38118.62,226.5,8,52.73999999999796,56.95999999999913
J100227,SE80927,Secure,single,Installed,DT-028,26.892210615826865,75.6863286331391,31144.33,31221.44,33635.88,33719.15,232.625,8,77.10999999999694,83.27000000000407
J100228,GE77042,Secure,single,Installed,DT-029,26.825873101099955,75.81887679655124,35837.35,35996.63,38704.34,38876.36,228.625,8,159.27999999999884,172.02000000000407
J100229,HP91533,Genus,single,Decommissioned,DT-030,26.91520391209526,75.8722768560147,24201.33,24330.78,26137.44,26277.24,225.875,8,129.4499999999971,139.8000000000029
J100230,GE80358,Allied,single,Faulty,DT-031,26.927551773986877,75.69243435658068,34937.65,35070.54,37732.66,37876.19,230.0,8,132.88999999999942,143.52999999999884
J100231,AL77997,HPL,single,Installed,DT-032,26.873862275125088,75.87003724856554,24507.47,24687.18,26468.07,26662.15,228.875,8,179.70999999999913,194.08000000000175
J100232,SE89692,Genus,single,Decommissioned,DT-033,26.955065153101557,75.87919720306313,3197.99,3314.86,3453.83,3580.05,230.625,8,116.87000000000035,126.22000000000025
J100233,HP31018,L&T,single,Installed,DT-034,26.92158682239717,75.90939143443033,1856.21,2013.31,2004.7,2174.38,230.0,8,157.0999999999999,169.68000000000006
J100234,HP40902,L&T,three,Faulty,DT-035,26.8686052860274,75.69898841073523,47321.98,47395.02,51107.74,51186.62,232.375,8,73.0399999999936,78.88000000000466
J100235,SE25817,Genus,three,Installed,DT-036,26.852178690401,75.85882258855058,34602.31,34779.23,37370.49,37561.56,226.375,8,176.92000000000553,191.0699999999997
J100236,SE14808,HPL,single,Installed,DT-037,26.79385329401596,75.69286593047222,41346.65,41437.54,44654.38,44752.55,228.875,8,90.88999999999942,98.17000000000553
J100237,L&65753,Genus,three,Faulty,DT-038,27.01278045787951,75.85029210473662,33395.94,33500.92,36067.62,36181.0,231.75,8,104.97999999999593,113.37999999999738
J100238,L&96401,Secure,three,Installed,DT-039,26.90296465411559,75.7785314368994,28016.12,28085.85,30257.4,30332.71,229.375,8,69.72999999999956,75.30999999999767
J100239,SE43736,Allied,single,Faulty,DT-040,26.817611358389357,75.75608870448563,43722.58,43890.76,47220.39,47402.02,226.75,8,168.1800000000003,181.62999999999738
J100240,L&70110,L&T,single,Installed,DT-001,26.840757689001133,75.87184723568866,38499.13,38666.87,41579.06,41760.21,230.25,8,167.74000000000524,181.15000000000146
J100241,SE23186,L&T,three,Installed,DT-002,26.826995510868823,75.79881111110812,39860.27,39921.83,43049.09,43115.58,230.5,8,61.56000000000495,66.49000000000524
J100242,L&14527,L&T,single,Faulty,DT-003,26.980053717880605,75.80866371890083,27268.74,27400.75,29450.24,29592.81,230.375,8,132.0099999999984,142.5699999999997
J100243,L&82337,Secure,single,Installed,DT-004,26.94446429281272,75.76118126066653,1554.26,1649.3,1678.6,1781.24,230.25,8,95.03999999999996,102.6400000000001
J100244,HP75733,HPL,single,Decommissioned,DT-005,26.989363783649264,75.9090470940901,8429.51,8588.84,9103.87,9275.95,233.875,8,159.32999999999993,172.07999999999993
J100245,HP27560,HPL,three,Faulty,DT-006,26.79965738227368,75.82547075752886,15506.08,15687.8,16746.57,16942.83,229.25,8,181.71999999999935,196.26000000000204
J100246,GE77739,L&T,single,Installed,DT-007,26.877514870050454,75.74135065338128,36610.03,36677.91,39538.83,39612.14,232.625,8,67.88000000000466,73.30999999999767
J100247,SE39181,HPL,single,Installed,DT-008,26.919528165219912,75.85114425552096,32813.88,32906.37,35438.99,35538.88,229.0,8,92.49000000000524,99.88999999999942
J100248,AL71878,Genus,single,Faulty,DT-009,27.00202294069352,75.74450535865985,46947.07,46993.65,50702.83,50753.14,229.25,8,46.580000000001746,50.30999999999767
J100249,GE37437,Genus,single,Installed,DT-010,26.95377265583268,75.73864521770524,34581.58,34641.41,37348.11,37412.73,226.0,8,59.830000000001746,64.62000000000262
J100250,L&52514,HPL,three,Installed,DT-011,26.978987362904103,75.85359683822394,25696.06,25805.64,27751.74,27870.09,230.5,8,109.57999999999811,118.34999999999854
J100251,L&88850,Secure,single,Installed,DT-012,26.85704266789146,75.68074394073123,46947.04,47039.57,50702.8,50802.74,229.75,8,92.52999999999884,99.93999999999505
J100252,SE79066,HPL,single,Installed,DT-013,26.89618677776782,75.70792644608086,25408.65,25585.06,27441.34,27631.86,232.75,8,176.40999999999985,190.52000000000044
J100253,AL47424,Secure,single,Decommissioned,DT-014,26.805616364551337,75.82822234978453,26055.07,26161.0,28139.47,28253.88,232.75,8,105.93000000000029,114.40999999999985
J100254,L&98750,Genus,three,Installed,DT-015,26.808441750267612,75.78874226074917,50125.81,50252.97,54135.88,54273.21,229.5,8,127.16000000000349,137.33000000000175
J100255,SE41760,HPL,single,Decommissioned,DT-016,26.899677262087447,75.68498520736834,11596.72,11768.29,12524.46,12709.75,232.75,8,171.57000000000153,185.29000000000087
J100256,HP17516,Allied,three,Decommissioned,DT-017,26.8284726039554,75.66940043444997,2678.19,2770.16,2892.44,2991.77,233.5,8,91.9699999999998,99.32999999999993
J100257,GE15604,Allied,single,Faulty,DT-018,26.892120649949742,75.68419052471658,48594.14,48729.31,52481.67,52627.66,231.0,8,135.16999999999825,145.99000000000524
J100258,L&76707,Secure,single,Installed,DT-019,26.84324828229621,75.87431867057244,7018.64,7178.31,7580.13,7752.57,228.0,8,159.67000000000007,172.4399999999996
J100259,AL24641,L&T,single,Installed,DT-020,26.8469234913053,75.83407188862115,20932.75,21004.19,22607.37,22684.53,231.375,8,71.43999999999869,77.15999999999985
J100260,GE54237,Allied,single,Installed,DT-021,27.021345662504995,75.8348508280797,2067.11,2215.97,2232.48,2393.25,230.75,8,148.85999999999967,160.76999999999998
J100261,SE23192,Genus,single,Faulty,DT-022,26.825435264704375,75.6907272126737,4066.55,4122.11,4391.88,4451.88,229.125,8,55.55999999999949,60.0
J100262,L&61066,Genus,single,Installed,DT-023,26.81393452922823,75.90876942829713,29640.29,29806.24,32011.51,32190.74,228.625,8,165.95000000000073,179.2300000000032
J100263,HP54006,Secure,three,Installed,DT-024,26.97729891029196,75.76868803784969,32434.8,32494.39,35029.58,35093.94,229.625,8,59.590000000000146,64.36000000000058
J100264,AL59348,Allied,single,Installed,DT-025,26.82841040982641,75.6907367899294,42492.31,42568.8,45891.69,45974.3,230.625,8,76.49000000000524,82.61000000000058
J100265,AL67791,HPL,single,Faulty,DT-026,26.911588818270346,75.85476916938573,10503.88,10546.45,11344.19,11390.17,232.25,8,42.57000000000153,45.97999999999956
J100266,HP32982,HPL,single,Faulty,DT-027,26.87203257399853,75.87352875722358,28970.43,29029.61,31288.07,31351.98,232.25,8,59.18000000000029,63.909999999999854
J100267,AL39401,Genus,three,Decommissioned,DT-028,26.819353198369598,75.77717062147353,36444.07,36514.39,39359.59,39435.54,229.625,8,70.31999999999971,75.95000000000437
J100268,GE28179,Allied,single,Faulty,DT-029,27.012175545531885,75.8299098095486,10310.43,10371.74,11135.27,11201.48,228.75,8,61.30999999999949,66.20999999999913
J100269,L&90049,L&T,single,Installed,DT-030,26.817575701365808,75.72544134801505,47931.31,48072.32,51765.82,51918.11,229.0,8,141.01000000000204,152.29000000000087
J100270,HP60718,Allied,single,Installed,DT-031,26.87656413370753,75.75343864105893,15415.45,15478.58,16648.68,16716.87,227.625,8,63.1299999999992,68.18999999999869
J100271,HP19226,L&T,single,Installed,DT-032,26.79828210003218,75.76602876015026,33975.01,34044.71,36693.02,36768.29,226.875,8,69.69999999999709,75.27000000000407
J100272,HP26867,Secure,single,Decommissioned,DT-033,26.81113422693927,75.67174138155319,43181.12,43357.07,46635.61,46825.64,231.25,8,175.9499999999971,190.02999999999884
J100273,GE67873,L&T,three,Installed,DT-034,26.815325585804043,75.81585876507238,43482.86,43567.43,46961.49,47052.83,232.375,8,84.56999999999971,91.34000000000378
J100274,L&83299,HPL,single,Installed,DT-035,26.789799008895734,75.84780702126231,10507.39,10648.73,11347.99,11500.63,228.75,8,141.34000000000015,152.63999999999942
J100275,GE76450,HPL,single,Faulty,DT-036,26.793997578467337,75.79731508685295,26142.16,26195.78,28233.54,28291.44,228.125,8,53.61999999999898,57.89999999999782
J100276,HP98541,Genus,single,Installed,DT-037,26.801932839122696,75.6792284256408,14204.74,14277.1,15341.12,15419.27,228.0,8,72.36000000000058,78.14999999999964
J100277,L&60609,L&T,three,Faulty,DT-038,26.87886767377388,75.87296371136112,6055.06,6175.0,6539.47,6669.0,228.0,8,119.9399999999996,129.52999999999975
J100278,HP28849,Secure,three,Installed,DT-039,26.94720242798105,75.89221928324336,41500.47,41649.44,44820.5,44981.39,228.125,8,148.97000000000116,160.88999999999942
J100279,SE72466,HPL,single,Faulty,DT-040,26.960044584963565,75.6624789504313,16659.67,16797.75,17992.45,18141.57,230.0,8,138.08000000000175,149.11999999999898
J100280,SE15788,L&T,single,Faulty,DT-001,26.923869542572746,75.75961272800127,5715.04,5858.7,6172.24,6327.4,227.875,8,143.65999999999985,155.15999999999985
J100281,AL35703,Genus,three,Installed,DT-002,26.81527260850892,75.80905756439101,36625.42,36723.24,39555.45,39661.1,228.625,8,97.81999999999971,105.65000000000146
J100282,AL35777,Secure,single,Decommissioned,DT-003,26.987490888887645,75.74580581716513,31033.08,31100.67,33515.73,33588.72,226.125,8,67.58999999999651,72.98999999999796
J100283,AL69098,HPL,single,Faulty,DT-004,26.852997876731774,75.90457132089436,31009.18,31124.58,33489.92,33614.55,229.0,8,115.40000000000146,124.63000000000466
J100284,GE85543,HPL,three,Faulty,DT-005,27.021783375442123,75.70952791031236,4811.58,4896.67,5196.51,5288.4,228.125,8,85.09000000000015,91.88999999999942
J100285,GE70983,Allied,single,Installed,DT-006,26.99047577343192,75.66887197693363,19229.03,19335.26,20767.36,20882.08,226.75,8,106.22999999999956,114.72000000000116
J100286,GE73840,Allied,single,Installed,DT-007,26.802719326717877,75.69445763979824,8229.39,8294.94,8887.74,8958.54,229.0,8,65.55000000000109,70.80000000000109
J100287,AL45743,Allied,three,Decommissioned,DT-008,26.899973646707465,75.69516136651878,6660.28,6706.93,7193.1,7243.48,230.125,8,46.650000000000546,50.3799999999992
J100288,HP72706,Allied,single,Decommissioned,DT-009,26.867040376439785,75.90308718817327,16725.46,16773.99,18063.5,18115.91,231.125,8,48.530000000002474,52.409999999999854
J100289,L&23452,L&T,single,Installed,DT-010,26.95675360681964,75.89199413344981,22250.89,22391.17,24030.97,24182.46,229.625,8,140.27999999999884,151.48999999999796
J100290,GE59404,Secure,three,Installed,DT-011,27.004609568421824,75.76351047135908,14860.51,15042.36,16049.35,16245.74,230.5,8,181.85000000000036,196.38999999999942
J100291,AL32841,HPL,single,Installed,DT-012,27.03016950443164,75.78544254231751,42895.31,42985.19,46326.93,46424.0,231.5,8,89.88000000000466,97.06999999999971
J100292,GE44995,Genus,single,Installed,DT-013,26.93689859987246,75.83996752635362,49447.64,49585.1,53403.45,53551.91,232.5,8,137.45999999999913,148.4600000000064
J100293,L&75231,Allied,single,Installed,DT-014,26.833848724868243,75.67519057749091,12331.13,12459.3,13317.62,13456.04,231.0,8,128.17000000000007,138.42000000000007
J100294,HP69535,HPL,single,Installed,DT-015,26.99389339130614,75.66885404105783,2879.61,3028.92,3109.98,3271.24,231.625,8,149.30999999999995,161.25999999999976
J100295,GE39394,Allied,single,Installed,DT-016,26.87047300973684,75.72498740590895,1982.69,2162.76,2141.3,2335.79,234.25,8,180.07000000000016,194.48999999999978
J100296,AL30892,HPL,single,Installed,DT-017,27.01119440447549,75.7046766481108,20465.72,20631.51,22102.98,22282.03,232.125,8,165.78999999999724,179.04999999999927
J100297,L&47305,Genus,single,Faulty,DT-018,26.88038006037716,75.7782489681013,19713.29,19755.69,21290.36,21336.14,223.875,8,42.39999999999782,45.779999999998836
J100298,HP38489,L&T,three,Decommissioned,DT-019,26.99468570240317,75.78823071447918,45722.18,45806.23,49379.95,49470.73,228.0,8,84.05000000000291,90.78000000000611
J100299,GE52664,Secure,three,Faulty,DT-020,26.89052244988745,75.77518256396074,17971.11,18134.88,19408.8,19585.67,228.625,8,163.77000000000044,176.86999999999898
J100300,SE57060,Secure,single,Faulty,DT-021,26.939520366692545,75.74903658809858,45633.63,45737.9,49284.32,49396.94,228.25,8,104.27000000000407,112.62000000000262
J100301,HP46266,HPL,single,Installed,DT-022,26.98276693627015,75.90130076473365,34656.7,34766.17,37429.23,37547.46,234.75,8,109.47000000000116,118.22999999999593
J100302,AL93988,Genus,single,Decommissioned,DT-023,26.907850479793364,75.68884967096169,38406.99,38525.07,41479.55,41607.08,232.0,8,118.08000000000175,127.52999999999884
J100303,SE61776,HPL,single,Decommissioned,DT-024,26.82279591748268,75.76112866579574,16993.88,17166.71,18353.39,18540.05,229.375,8,172.8299999999981,186.65999999999985
J100304,AL48557,HPL,single,Installed,DT-025,26.904233712905647,75.87664218110517,38937.44,39032.22,42052.43,42154.8,226.125,8,94.77999999999884,102.37000000000262
J100305,HP20349,Secure,single,Installed,DT-026,26.921866517774856,75.88003878432578,35219.69,35284.73,38037.27,38107.51,227.25,8,65.04000000000087,70.24000000000524
J100306,GE59121,Secure,three,Installed,DT-027,26.98564811787112,75.86009951160308,34390.23,34534.57,37141.45,37297.33,229.625,8,144.3399999999965,155.88000000000466
J100307,SE81908,HPL,single,Installed,DT-028,26.829491501585675,75.78636805588398,14357.31,14404.57,15505.89,15556.94,233.375,8,47.26000000000022,51.05000000000109
J100308,HP52752,Genus,three,Installed,DT-029,26.99879171376126,75.8288704123443,38637.99,38733.55,41729.03,41832.23,229.25,8,95.56000000000495,103.20000000000437
J100309,SE45808,HPL,single,Installed,DT-030,26.9074899698888,75.70345197405918,41525.17,41680.13,44847.18,45014.54,227.875,8,154.95999999999913,167.36000000000058
J100310,GE27387,Genus,single,Decommissioned,DT-031,26.863788530549595,75.69742428305112,48833.98,49008.06,52740.7,52928.71,232.75,8,174.07999999999447,188.01000000000204
J100311,SE44990,Genus,three,Installed,DT-032,26.971202141109483,75.89181064631343,42418.71,42561.66,45812.2,45966.59,228.125,8,142.95000000000437,154.38999999999942
J100312,AL51373,HPL,single,Installed,DT-033,26.81948848612849,75.71022831960367,48482.22,48631.11,52360.8,52521.6,231.625,8,148.88999999999942,160.79999999999563
J100313,AL55614,Allied,single,Installed,DT-034,26.93771202201499,75.6852470038903,42400.92,42563.73,45793.0,45968.83,228.75,8,162.81000000000495,175.83000000000175
J100314,HP18124,Genus,single,Decommissioned,DT-035,26.846194715732803,75.67096449519526,12811.23,12872.48,13836.13,13902.27,226.5,8,61.25,66.14000000000124
J100315,HP38929,HPL,three,Installed,DT-036,26.79694513414763,75.8251546777065,46883.03,47034.61,50633.68,50797.38,230.0,8,151.58000000000175,163.6999999999971
J100316,HP97822,HPL,single,Installed,DT-037,26.930170248348823,75.71497239257228,27130.62,27246.77,29301.07,29426.51,230.5,8,116.15000000000146,125.43999999999869
J100317,AL94758,Allied,single,Installed,DT-038,27.021936055708306,75.83184413149506,33221.49,33355.85,35879.21,36024.32,230.5,8,134.36000000000058,145.11000000000058
J100318,SE52188,HPL,single,Installed,DT-039,26.916590071544142,75.80997101721373,19756.55,19908.59,21337.08,21501.28,231.5,8,152.04000000000087,164.1999999999971
J100319,AL88701,Genus,single,Installed,DT-040,26.815296938903725,75.8936552837004,45995.71,46074.44,49675.36,49760.4,234.625,8,78.7300000000032,85.04000000000087
J100320,AL75243,HPL,single,Decommissioned,DT-001,26.92331972680297,75.67809663908342,13990.83,14093.35,15110.1,15220.81,232.125,8,102.52000000000044,110.70999999999913
J100321,AL17283,Allied,single,Decommissioned,DT-002,26.819574558145927,75.71563768180572,25529.07,25612.18,27571.4,27661.15,230.75,8,83.11000000000058,89.75
J100322,GE57673,Genus,three,Decommissioned,DT-003,26.867721432848,75.87870819875756,26841.2,26978.22,28988.5,29136.48,231.875,8,137.02000000000044,147.97999999999956
J100323,HP73404,Genus,single,Installed,DT-004,26.895550225889405,75.76171024903674,12578.91,12668.36,13585.23,13681.83,230.25,8,89.45000000000073,96.60000000000036
J100324,AL47426,L&T,single,Faulty,DT-005,26.89213142412957,75.86832943690028,4288.32,4346.55,4631.39,4694.27,227.5,8,58.23000000000047,62.88000000000011
J100325,L&81835,HPL,three,Installed,DT-006,26.86733779424578,75.8797727197853,48106.85,48277.54,51955.4,52139.75,229.125,8,170.69000000000233,184.34999999999854
J100326,L&73462,Allied,single,Faulty,DT-007,27.025651883827617,75.8080663543406,47206.86,47310.61,50983.41,51095.45,229.0,8,103.75,112.0399999999936
J100327,GE71515,Allied,single,Installed,DT-008,26.98609724882301,75.90427370948969,14383.95,14509.93,15534.66,15670.72,231.5,8,125.97999999999956,136.0599999999995
J100328,GE15643,Secure,three,Faulty,DT-009,26.834247513003746,75.72580637384458,18345.15,18525.07,19812.76,20007.07,230.875,8,179.91999999999825,194.3100000000013
J100329,HP78469,Allied,single,Installed,DT-010,26.83476155964201,75.83898900435092,42939.65,43105.72,46374.82,46554.18,229.875,8,166.0699999999997,179.36000000000058
J100330,L&30452,Secure,single,Installed,DT-011,26.88203619469898,75.82325250670333,18002.43,18120.96,19442.63,19570.63,228.75,9,118.52999999999884,128.0
J100331,AL66018,Allied,three,Installed,DT-012,26.962659564362934,75.84918540125732,4376.67,4431.36,4726.81,4785.87,225.5,8,54.6899999999996,59.05999999999949
J100332,L&32256,Secure,single,Faulty,DT-013,26.841763568488044,75.89498540966092,38567.15,38665.51,41652.53,41758.75,232.125,8,98.36000000000058,106.22000000000116
J100333,HP31259,Allied,single,Installed,DT-014,26.82536506748768,75.8604184364995,45294.7,45394.43,48918.27,49025.98,227.875,8,99.7300000000032,107.7100000000064
J100334,L&74215,L&T,single,Decommissioned,DT-015,26.86885852637245,75.88386598843867,49331.96,49387.95,53278.52,53338.98,229.375,8,55.98999999999796,60.4600000000064
J100335,SE35651,Secure,single,Faulty,DT-016,26.95480394628141,75.78397057790794,6656.93,6768.6,7189.48,7310.09,228.0,8,111.67000000000007,120.61000000000058
J100336,L&39046,Secure,single,Installed,DT-017,26.797071403968243,75.76916188167893,9575.6,9696.0,10341.65,10471.68,227.5,8,120.39999999999964,130.03000000000065
J100337,GE20782,HPL,single,Installed,DT-018,26.808879407208973,75.73643902325789,27851.7,27972.74,30079.84,30210.56,229.625,8,121.04000000000087,130.72000000000116
J100338,HP68432,Genus,single,Installed,DT-019,26.909185293275023,75.81656310064504,47472.12,47573.2,51269.89,51379.05,230.25,8,101.07999999999447,109.16000000000349
J100339,SE72029,Allied,three,Installed,DT-020,27.017833808639647,75.81706111497265,28035.67,28156.39,30278.52,30408.9,233.25,8,120.72000000000116,130.38000000000102
J100340,SE45614,Genus,single,Installed,DT-021,26.973705034207185,75.81714118281165,50158.4,50286.04,54171.07,54308.93,227.875,8,127.63999999999942,137.86000000000058
J100341,GE84786,HPL,single,Installed,DT-022,26.81939992864393,75.70602333973879,4507.58,4685.81,4868.19,5060.67,227.25,8,178.23000000000047,192.48000000000047
J100342,HP94885,L&T,single,Faulty,DT-023,26.96411443946893,75.8308146537493,10157.15,10211.37,10969.73,11028.28,231.75,8,54.220000000001164,58.55000000000109
J100343,AL67077,HPL,single,Decommissioned,DT-024,27.023444918885456,75.85803656632565,3112.87,3247.05,3361.9,3506.81,232.5,8,134.1800000000003,144.90999999999985
J100344,L&90705,Secure,single,Installed,DT-025,26.8358202709049,75.83377632513661,13327.08,13446.1,14393.24,14521.79,233.25,8,119.02000000000044,128.5500000000011
J100345,GE96701,Allied,single,Decommissioned,DT-026,26.99305364073264,75.76640277813208,19861.7,19929.78,21450.64,21524.16,228.25,8,68.07999999999811,73.52000000000044
J100346,AL44097,Secure,single,Installed,DT-027,26.829454417310284,75.75276890150057,23379.09,23432.38,25249.42,25306.97,227.75,8,53.29000000000087,57.55000000000291
J100347,SE28684,L&T,single,Installed,DT-028,26.849573420446927,75.81148470324483,32086.66,32180.9,34653.59,34755.37,233.75,8,94.2400000000016,101.78000000000611
J100348,HP36122,Genus,three,Installed,DT-029,26.83408181581656,75.7119244088863,8504.6,8652.09,9184.97,9344.26,230.25,8,147.48999999999978,159.29000000000087
J100349,AL73286,Allied,single,Installed,DT-030,26.81885324630896,75.90089474476194,2756.18,2836.28,2976.67,3063.18,234.125,8,80.10000000000036,86.50999999999976
J100350,AL54158,HPL,single,Installed,DT-031,26.903724103146327,75.80512159105642,28632.17,28675.75,30922.75,30969.81,229.5,8,43.580000000001746,47.06000000000131
J100351,HP60928,HPL,three,Decommissioned,DT-032,26.91845963804992,75.82569659719961,3443.34,3550.57,3718.8,3834.61,229.0,8,107.23000000000002,115.80999999999995
J100352,L&49124,Allied,single,Installed,DT-033,26.95393702344047,75.69812267212914,10709.01,10854.49,11565.73,11722.85,232.75,8,145.47999999999956,157.1200000000008
J100353,SE58774,Allied,single,Decommissioned,DT-034,26.78910801288914,75.82122151684966,27921.74,28096.36,30155.48,30344.07,234.875,8,174.61999999999898,188.59000000000015
J100354,AL75795,Allied,single,Decommissioned,DT-035,27.014885611918384,75.86711829106575,28330.64,28410.28,30597.1,30683.1,227.75,8,79.63999999999942,86.0
J100355,L&10736,L&T,three,Installed,DT-036,26.811237753979025,75.82243645351632,11631.8,11734.61,12562.34,12673.37,229.375,8,102.81000000000131,111.03000000000065
J100356,AL38147,Secure,single,Installed,DT-037,26.9629588092492,75.77901997304075,16900.67,17035.39,18252.72,18398.22,231.75,8,134.72000000000116,145.5
J100357,GE72989,HPL,three,Installed,DT-038,26.869568396853374,75.83181286181575,21877.93,21964.04,23628.16,23721.16,228.875,8,86.11000000000058,93.0
J100358,GE50335,HPL,single,Faulty,DT-039,26.862474371648958,75.85022952271179,36628.6,36704.87,39558.89,39641.26,232.25,8,76.27000000000407,82.37000000000262
J100359,L&33376,HPL,single,Installed,DT-040,26.83172664293563,75.73542530878699,38506.41,38663.58,41586.92,41756.67,228.125,8,157.16999999999825,169.75
J100360,L&88419,HPL,single,Decommissioned,DT-001,26.797639049501253,75.71626917340113,23496.1,23577.09,25375.79,25463.26,230.875,8,80.9900000000016,87.46999999999753
J100361,GE99892,HPL,single,Installed,DT-002,26.835642881603075,75.81083459631559,18757.96,18857.77,20258.59,20366.39,231.625,8,99.81000000000131,107.79999999999927
J100362,L&10313,Allied,single,Decommissioned,DT-003,26.945946863938683,75.75444485005941,5319.19,5393.82,5744.73,5825.32,230.5,8,74.63000000000011,80.59000000000015
J100363,GE28435,Allied,three,Faulty,DT-004,26.96903053126773,75.67654625550863,21658.89,21761.42,23391.6,23502.33,232.5,8,102.52999999999884,110.7300000000032
J100364,HP45206,Genus,single,Installed,DT-005,26.84058088841159,75.89057281738864,48811.16,48866.61,52716.06,52775.93,230.5,8,55.44999999999709,59.87000000000262
J100365,HP46532,L&T,single,Decommissioned,DT-006,26.975810364207813,75.75842938237842,33694.89,33782.5,36390.48,36485.1,227.375,8,87.61000000000058,94.61999999999534
J100366,L&58066,Genus,three,Installed,DT-007,26.9179671799928,75.88022666299734,6210.15,6309.71,6706.96,6814.49,228.375,8,99.5600000000004,107.52999999999975
J100367,GE29653,HPL,three,Installed,DT-008,26.878343401039118,75.69875225020591,29609.32,29785.64,31978.07,32168.49,228.125,8,176.3199999999997,190.4200000000019
J100368,L&37528,HPL,three,Faulty,DT-009,26.91688833417613,75.78477906508856,10725.65,10904.5,11583.7,11776.86,229.25,8,178.85000000000036,193.15999999999985
J100369,AL52651,Genus,single,Installed,DT-010,26.80621244557444,75.89962092347928,14066.23,14114.09,15191.53,15243.21,226.375,8,47.86000000000058,51.67999999999847
J100370,AL33726,Allied,single,Installed,DT-011,26.9666898743297,75.66600476028184,39056.72,39131.2,42181.26,42261.7,232.0,8,74.47999999999593,80.43999999999505
J100371,AL57820,Allied,single,Installed,DT-012,26.835735507046437,75.70757423513355,33283.76,33384.12,35946.46,36054.85,226.25,8,100.36000000000058,108.38999999999942
J100372,GE52165,Genus,single,Installed,DT-013,26.83491204355853,75.75537693556184,43590.14,43701.27,47077.35,47197.37,230.625,8,111.12999999999738,120.02000000000407
J100373,L&99482,L&T,single,Installed,DT-014,26.96242808995778,75.71366895307806,26116.48,26258.75,28205.79,28359.45,227.625,8,142.27000000000044,153.65999999999985
J100374,AL27690,Genus,single,Installed,DT-015,26.972383947838196,75.81562974563353,13481.93,13543.38,14560.48,14626.85,232.0,8,61.44999999999891,66.3700000000008
J100375,SE67566,Secure,three,Installed,DT-016,27.028246943925136,75.82320167593211,9537.61,9605.36,10300.62,10373.79,230.125,8,67.75,73.17000000000007
J100376,AL70999,Allied,three,Decommissioned,DT-017,26.922318968658896,75.7273693285279,29546.61,29659.1,31910.34,32031.82,229.75,8,112.48999999999796,121.47999999999956
J100377,L&16377,L&T,single,Installed,DT-018,26.924813929973265,75.69575865814481,28776.11,28896.66,31078.2,31208.4,227.625,8,120.54999999999927,130.20000000000073
J100378,AL29163,Genus,single,Faulty,DT-019,26.790750855957253,75.72907664938616,37641.08,37750.06,40652.37,40770.06,230.25,8,108.97999999999593,117.68999999999505
J100379,HP65698,Allied,single,Installed,DT-020,26.940943708904182,75.79268883340778,40215.51,40329.49,43432.75,43555.84,229.0,8,113.97999999999593,123.08999999999651
J100380,L&44522,L&T,three,Faulty,DT-021,26.865405445247983,75.67969133446245,44620.54,44713.53,48190.19,48290.62,230.375,8,92.98999999999796,100.43000000000029
J100381,L&31140,Secure,single,Installed,DT-022,26.955068959649747,75.733809852889,22109.99,22240.86,23878.79,24020.13,231.0,8,130.86999999999898,141.34000000000015
J100382,AL51222,Secure,three,Installed,DT-023,26.81273332823077,75.8619278896695,13787.24,13873.44,14890.22,14983.32,228.0,8,86.20000000000073,93.10000000000036
J100383,GE13676,Allied,three,Faulty,DT-024,26.79813845627252,75.6706637406351,35262.01,35339.62,38082.97,38166.79,226.875,8,77.61000000000058,83.81999999999971
J100384,HP27671,Genus,three,Decommissioned,DT-025,27.02037035577707,75.90935273844302,10533.58,10587.63,11376.27,11434.64,228.75,8,54.04999999999927,58.36999999999898
J100385,AL96696,Secure,three,Installed,DT-026,26.803918797376195,75.79603331906041,42338.6,42471.18,45725.69,45868.87,231.125,8,132.58000000000175,143.1800000000003
J100386,HP60929,Secure,single,Installed,DT-027,26.81778936259691,75.8540372259195,1566.79,1672.64,1692.14,1806.45,229.625,8,105.85000000000014,114.30999999999995
J100387,SE57482,Genus,single,Installed,DT-028,27.005220255842527,75.69969625809249,7385.83,7567.77,7976.69,8173.19,228.75,8,181.9400000000005,196.5
J100388,SE54991,L&T,single,Installed,DT-029,26.976191372289417,75.76812537518349,12091.61,12210.8,13058.94,13187.66,230.75,8,119.18999999999869,128.71999999999935
J100389,AL61093,Secure,single,Installed,DT-030,26.879932424023377,75.67226833381942,40404.46,40479.78,43636.82,43718.16,233.875,8,75.31999999999971,81.34000000000378
J100390,HP66658,Secure,three,Faulty,DT-031,26.881914593831265,75.67267248485955,24602.53,24655.95,26570.73,26628.43,225.375,8,53.42000000000189,57.70000000000073
J100391,HP98816,Allied,single,Installed,DT-032,26.922256618358755,75.80243743592659,15269.75,15324.15,16491.32,16550.08,231.25,8,54.399999999999636,58.76000000000204
J100392,L&88145,Allied,three,Faulty,DT-033,26.84830396794025,75.88625080461865,37644.76,37711.03,40656.34,40727.92,226.875,8,66.2699999999968,71.58000000000175
J100393,HP95355,HPL,three,Faulty,DT-034,27.03443850143124,75.72352297828552,12457.76,12635.43,13454.38,13646.26,231.375,8,177.67000000000007,191.88000000000102
J100394,SE53186,HPL,single,Installed,DT-035,26.923781588061345,75.86342865639385,22325.8,22370.78,24111.86,24160.44,229.5,8,44.97999999999956,48.57999999999811
J100395,AL42611,Secure,single,Installed,DT-036,26.988115068203864,75.87841832903,25290.42,25403.77,27313.66,27436.07,229.25,8,113.35000000000218,122.40999999999985
J100396,AL48078,Genus,single,Installed,DT-037,26.952737129554247,75.82908939026315,10545.03,10684.43,11388.63,11539.18,229.5,8,139.39999999999964,150.5500000000011
J100397,L&18389,L&T,single,Installed,DT-038,26.79101138151493,75.89361610086421,27650.98,27727.97,29863.06,29946.21,228.375,8,76.9900000000016,83.14999999999782
J100398,SE13090,Secure,single,Installed,DT-039,26.97279383338066,75.78536610844098,9243.28,9364.49,9982.74,10113.65,231.625,8,121.20999999999913,130.90999999999985
J100399,AL60485,HPL,single,Installed,DT-040,26.983252940494665,75.88163262899984,25730.93,25796.03,27789.4,27859.72,229.625,8,65.09999999999854,70.31999999999971
J100400,GN31592,Genus,three,Installed,DT-007,26.882703003792653,75.74015781362327,20795.96,20955.13,22459.64,22631.54,231.875,8,159.1700000000019,171.90000000000146
J100401,GN61501,Genus,three,Installed,DT-007,26.99114306413578,75.8089874643811,34737.41,34819.11,37516.41,37604.63,230.0,8,81.69999999999709,88.21999999999389
J100402,GN11062,Genus,three,Installed,DT-007,26.97874373345878,75.73645286911419,25693.36,25842.6,27748.83,27910.0,227.375,8,149.23999999999796,161.16999999999825
